"Timestamp","Have you ever joined a UQ student club or society?","How do you know information about UQ student clubs and societies?","How active do you think you are in the club?","How often do usually participant in a event related to your clubs？ ","What’s your initial motivation of joining the student club or the society?","How do you get the latest news about events held by clubs or societies?","What makes you feel unsatisfied with the club you joined?","How active do you think your club/society is?","What means do you use to publish announcements or notify your club/society members of a certain event?","How often do usually hold an event related to you clubs？ ","What is the greatest challenge of organizing the club or society?","If there is a new mobile app that helps you to connect your club members, would you like to try it? Why?","If yes, which three features do you want to involve in the app?","Why didn't you join any student club or society?","What type or feature of clubs would attract you?","What activities do you like most at UQ?"
"2017/08/23 2:25:17 am GMT","Yes, I am a member, but not a organizer","On Market Day","5","at least once per week","To improve certain skills;Personal interests","No news. Only participate activity","It always crowded in the beginning of each semester. However, it get better for few weeks.","","","","","","","","",""
"2017/08/23 2:25:39 am GMT","No, I've never been in a club","","","","","","","","","","","","","I am too busy.;I don’t have companions who go together.;I don’t know about clubs and societies enough.","clubs that had regular classes and usually hold events","UQ market day"
"2017/08/23 2:25:55 am GMT","Yes, I am an organizer and a member","","","","","","","5","Social media(Facebook, Instagram, Wechat, etc.);Market Day;Wechat Announcement ","at least once per week","1. To combine all of the information together. 2. To ensure everyone received the announcement and activity details. ","Maybe, because almost we use the Wechat and the Facebook. ","Event management system;Announcement system;Leadership management system;Rewarding system;Contribution recording system","","",""
"2017/08/23 2:30:04 am GMT","No, I've never been in a club","","","","","","","","","","","","","I am not interested in any club or society.","sport","lunch time"
"2017/08/23 2:32:29 am GMT","Yes, I am a member, but not a organizer","On Market Day;By public events or activities held by clubs and societies;By Facebook or other social media;By friends","2","at least once per month","To make new friends;Personal interests","By friends in the club;Informed by Facebook or other social media","- Events that get cancelled
- Too many first years, not enough older students / postgrads
- Having to pay a fee to come to the first event to see if I like it
- Inconvenient meeting times","","","","","","","","",""
"2017/08/23 2:32:50 am GMT","No, I've never been in a club","","","","","","","","","","","","","I don’t know about clubs and societies enough.","creative things","I do not know what kinds of activities we have."
"2017/08/23 2:33:23 am GMT","No, I've never been in a club","","","","","","","","","","","","","It costs too much money.;I have attended three club in my previous semester, but the clubs didn't provide any activity inform to me","psychology, cultural","free lunch"
"2017/08/23 2:34:50 am GMT","No, I've never been in a club","","","","","","","","","","","","","I am too busy.;I am not interested in any club or society.","Interesting activities, friendly members","sports, fishing, climbing"
"2017/08/23 2:35:43 am GMT","Yes, I am a member, but not a organizer","On Market Day;By public events or activities held by clubs and societies;By Facebook or other social media;By friends","3","at least once per month","To make new friends;To improve certain skills","By friends in the club;Informed by Facebook or other social media;Via a regular session/event","A lack of cheap events, more going out activities would also be fun. ","","","","","","","","",""
"2017/08/23 2:36:17 am GMT","Yes, I am a member, but not a organizer","On Market Day;By public events or activities held by clubs and societies;By Facebook or other social media","2","at least once per month","To make new friends;Personal interests;Promotion or Discount","Informed by Facebook or other social media;Via E-mail","Lack of events at uni, they are all external","","","","","","","","",""
"2017/08/23 2:41:13 am GMT","No, I've never been in a club","","","","","","","","","","","","","I am not interested in any club or society.","Female self-defence ^_^","Marketing day"
"2017/08/23 2:41:34 am GMT","No, I've never been in a club","","","","","","","","","","","","","I am too busy.","Related to sports.","Oretation week"
"2017/08/23 2:42:09 am GMT","Yes, I am a member, but not a organizer","By friends","4","at least once per month","To make new friends","Informed by Facebook or other social media","Nothing ","","","","","","","","",""
"2017/08/23 2:43:02 am GMT","No, I've never been in a club","","","","","","","","","","","","","I am too busy.;It costs too much money.","Sport","Study"
"2017/08/23 2:43:05 am GMT","No, I've never been in a club","","","","","","","","","","","","","I don’t know about clubs and societies enough.;I am not interested in any club or society.","That kind of share the hobbies or something like that. A group of people playing team games together.","The werewolf killed"
"2017/08/23 2:46:05 am GMT","Yes, I am an organizer and a member","","","","","","","3","Social media(Facebook, Instagram, Wechat, etc.);Inform in a regular session (e.g. a training class);Posters;Market Day","at least once per month","Communication with the members","Yes, because it improves the efficiency of communication and is able to gather all information of the events. ","Event management system;Announcement system;Communication system;Rewarding system;Contribution recording system;Could change the leadership managemetn system to Privilege of each user. Also rewarding system and contribution recording system could be combined.","","",""
"2017/08/23 2:46:38 am GMT","Yes, I am a member, but not a organizer","On Market Day","3","I hardly participate","Personal interests","Informed by Facebook or other social media","Don't have time ","","","","","","","","",""
"2017/08/23 2:48:07 am GMT","No, I've never been in a club","","","","","","","","","","","","","I am not interested in any club or society.","None ","Study "
"2017/08/23 2:51:22 am GMT","Yes, I am a member, but not a organizer","On Market Day;By friends","3","at least once per week","To make new friends;To improve certain skills;Personal interests","Informed by Facebook or other social media","I joined a dance club, but finally I found that I could not have a whole dance perform at all. ","","","","","","","","",""
"2017/08/23 2:52:16 am GMT","Yes, I am an organizer and a member","","","","","","","4","Social media(Facebook, Instagram, Wechat, etc.)","at least once per month","I forgot ","I dont think so. Too busy with study and no free time","Event management system;Announcement system;Rewarding system","","",""
"2017/08/23 2:53:45 am GMT","Yes, I am a member, but not a organizer","On Market Day;By friends","2","at least once per month","To make new friends;Personal interests","Via E-mail;Via a regular session/event","Sometimes the event location is ambiguous, it is hard to navigate","","","","","","","","",""
"2017/08/23 2:54:37 am GMT","Yes, I am a member, but not a organizer","On Market Day;By public events or activities held by clubs and societies;By Facebook or other social media;By friends","1","at least once per semester","To make new friends;Personal interests;Promotion or Discount","Informed by Facebook or other social media","The events they organized are extremely boring.","","","","","","","","",""
"2017/08/23 2:55:14 am GMT","Yes, I am an organizer and a member","","","","","","","5","Social media(Facebook, Instagram, Wechat, etc.)","at least once per month","make everyone can work together","no. we use wechat now and it is efficient","Event management system;Announcement system;Contribution recording system","","",""
"2017/08/23 2:57:08 am GMT","Yes, I am a member, but not a organizer","On Market Day;By public events or activities held by clubs and societies;By Facebook or other social media;By friends","1","I hardly participate","To make new friends;Personal interests","By friends in the club;Via posters","Nothing","","","","","","","","",""
"2017/08/23 2:59:29 am GMT","Yes, I am a member, but not a organizer","On Market Day;By friends","4","at least once per week","To make new friends;Personal interests","By friends in the club;Informed by Facebook or other social media;Via E-mail","No","","","","","","","","",""
"2017/08/23 3:00:04 am GMT","Yes, I am a member, but not a organizer","On Market Day","3","at least once per month","To make new friends;Personal interests","Informed by Facebook or other social media","When I dont get enough outcome","","","","","","","","",""
"2017/08/23 3:00:35 am GMT","Yes, I am a member, but not a organizer","On Market Day","4","at least once per semester","To make new friends","By friends in the club","Boring activities","","","","","","","","",""
"2017/08/23 3:01:33 am GMT","No, I've never been in a club","","","","","","","","","","","","","I don’t know about clubs and societies enough.","free club","free BBQ"
"2017/08/23 3:02:01 am GMT","No, I've never been in a club","","","","","","","","","","","","","I am too busy.","Networking","Attending lectures"
"2017/08/23 3:03:00 am GMT","Yes, I am a member, but not a organizer","On Market Day","3","at least once per week","To make new friends","Informed by Facebook or other social media","no","","","","","","","","",""
"2017/08/23 3:04:26 am GMT","No, I've never been in a club","","","","","","","","","","","","","I don’t have companions who go together.","Anti social social club ","Stduy alone "
"2017/08/23 3:05:05 am GMT","Yes, I am a member, but not a organizer","On Market Day;By Facebook or other social media","4","at least once per week","To make new friends;Personal interests;To practice English or a certain language","By friends in the club;Informed by Facebook or other social media;Via a regular session/event","They are pretty good and I don't have any unsatisfactory.","","","","","","","","",""
"2017/08/23 3:16:06 am GMT","Yes, I am an organizer and a member","","","","","","","4","Social media(Facebook, Instagram, Wechat, etc.);Club Website;Inform in a regular session (e.g. a training class);Posters;Market Day","at least once per month","Motivation ","Yes","Event management system;Announcement system;Communication system","","",""
"2017/08/23 3:30:59 am GMT","Yes, I am a member, but not a organizer","On Market Day;By friends","4","at least once per week","To make new friends;Personal interests","Informed by Facebook or other social media","lack of numbers. needs more people ","","","","","","","","",""
"2017/08/23 3:31:36 am GMT","Yes, I am a member, but not a organizer","On Market Day;By public events or activities held by clubs and societies;By Facebook or other social media","2","at least once per month","To make new friends;Personal interests","Informed by Facebook or other social media","language limitation，less chance for international students","","","","","","","","",""
"2017/08/23 3:31:36 am GMT","Yes, I am a member, but not a organizer","On Market Day","3","at least once per month","Personal interests","Via E-mail","It's hard to adjust time to join activities during week days.","","","","","","","","",""
"2017/08/23 3:32:31 am GMT","Yes, I am a member, but not a organizer","On Market Day","1","I hardly participate","Personal interests","Via E-mail","I hardly find time to join any activities.","","","","","","","","",""
"2017/08/23 3:35:38 am GMT","Yes, I am a member, but not a organizer","On Market Day;By friends","1","at least once per month","To make new friends;Personal interests","Informed by Facebook or other social media","no","","","","","","","","",""
"2017/08/23 3:35:46 am GMT","Yes, I am a member, but not a organizer","On Market Day;By Facebook or other social media","5","at least once per month","To practice English or a certain language","Informed by Facebook or other social media;Via E-mail","Sometimes I think it is a bit of wasting time ","","","","","","","","",""
"2017/08/23 3:36:19 am GMT","No, I've never been in a club","","","","","","","","","","","","","I don’t have companions who go together.","music","introduction of theschool"
"2017/08/23 3:36:53 am GMT","No, I've never been in a club","","","","","","","","","","","","","I don’t know about clubs and societies enough.","anime","no"
"2017/08/23 3:49:33 am GMT","No, I've never been in a club","","","","","","","","","","","","","I don’t know about clubs and societies enough.","Boxing, Jogging, Climbing","Swimming "
"2017/08/23 3:53:58 am GMT","No, I've never been in a club","","","","","","","","","","","","","I am too busy.","related to the sea","go diving"
"2017/08/23 3:54:07 am GMT","Yes, I am a member, but not a organizer","On Market Day","3","at least once per semester","To make new friends","Via related websites","common topic","","","","","","","","",""
"2017/08/23 3:56:52 am GMT","No, I've never been in a club","","","","","","","","","","","","","I am too busy.;I don’t have companions who go together.","free","outside activities like climbing "
"2017/08/23 3:57:37 am GMT","No, I've never been in a club","","","","","","","","","","","","","I am too busy.","interesting","photography"
"2017/08/23 4:03:30 am GMT","No, I've never been in a club","","","","","","","","","","","","","I am too busy.","Swimming ","Sports activities"
"2017/08/23 4:11:26 am GMT","No, I've never been in a club","","","","","","","","","","","","","I am too busy.","fun activity，free","food"
"2017/08/23 4:38:32 am GMT","No, I've never been in a club","","","","","","","","","","","","","I don’t have companions who go together.","music","sports"
"2017/08/23 4:47:02 am GMT","Yes, I am a member, but not a organizer","On Market Day","2","I hardly participate","To make new friends;To improve certain skills;To practice English or a certain language","Via E-mail","cultures and languages","","","","","","","","",""
"2017/08/23 5:29:53 am GMT","Yes, I am a member, but not a organizer","On Market Day","3","at least once per semester","To make new friends","Informed by Facebook or other social media","not so many boys in the club","","","","","","","","",""
"2017/08/23 5:30:57 am GMT","No, I've never been in a club","","","","","","","","","","","","","I am too busy.","sport or music","concert"
"2017/08/23 5:31:03 am GMT","Yes, I am a member, but not a organizer","On Market Day;By public events or activities held by clubs and societies;By Facebook or other social media;By friends","3","at least once per week","To make new friends;To improve certain skills;Personal interests","By friends in the club;Informed by Facebook or other social media","Timetable ","","","","","","","","",""
"2017/08/23 5:31:28 am GMT","Yes, I am a member, but not a organizer","On Market Day","2","I hardly participate","To make new friends","By friends in the club","no","","","","","","","","",""
"2017/08/23 5:31:35 am GMT","Yes, I am an organizer and a member","","","","","","","4","Social media(Facebook, Instagram, Wechat, etc.);Club Website;Inform in a regular session (e.g. a training class);Posters;Market Day","at least once per week","Finding people to join, booking rooms for the event","Yes, would love to use more different ways to promote my club","Event management system;Announcement system;Communication system","","",""
"2017/08/23 5:38:03 am GMT","Yes, I am a member, but not a organizer","On Market Day","5","at least once per week","Personal interests","By friends in the club","no","","","","","","","","",""
"2017/08/23 5:39:55 am GMT","Yes, I am a member, but not a organizer","On Market Day","5","at least once per week","Personal interests","By friends in the club","No","","","","","","","","",""
"2017/08/23 6:07:37 am GMT","No, I've never been in a club","","","","","","","","","","","","","I am too busy.","camping
","learning"
"2017/08/23 6:50:14 am GMT","Yes, I am a member, but not a organizer","By public events or activities held by clubs and societies","1","I hardly participate","To make new friends","Via E-mail","1","","","","","","","","",""
"2017/08/23 8:35:37 am GMT","Yes, I am a member, but not a organizer","On Market Day","1","I hardly participate","To make new friends;Promotion or Discount","Informed by Facebook or other social media;Via posters","I've joint a Chinese student society club and a Korean club before. I found both of the clubs quite boring because their activities are like partner matching.. Also I'm not a gaming person. Therefore I didn't like them even though they've spent time in designing games in the activities.","","","","","","","","",""
"2017/08/23 10:00:09 am GMT","No, I've never been in a club","","","","","","","","","","","","","I am too busy.","Dancing Club","studying in library"
"2017/08/23 12:55:21 pm GMT","No, I've never been in a club","","","","","","","","","","","","","I am too busy.","Sports ","Sports"
"2017/08/23 8:44:44 pm GMT","No, I've never been in a club","","","","","","","","","","","","","I am too busy.","table game","study"
"2017/08/23 11:38:23 pm GMT","Yes, I am a member, but not a organizer","On Market Day","1","I hardly participate","To make new friends;Personal interests;Promotion or Discount","By friends in the club;Informed by Facebook or other social media","Rarely am informed about events taking place","","","","","","","","",""